name, mass, radius, period, axis, eccentricity, inclination, discovered, detection_type, molecules, star_name, star_distance, star_mass, star_radius, star_spec_type, star_age, star_teff,star_othername
Gliese 876 b,2.2756,,61.1166,0.208317,0.0324,84,2000,detected by radial velocity,,Gliese 876,4.7,0.334,0.36,M4 V,2.5,3350,
Gliese 876 c,0.7142,,30.0881,0.12959,0.25591,48.07,2000,detected by radial velocity,,Gliese 876,4.7,0.334,0.36,M4 V,2.5,3350,
Gliese 876 d,0.021,,1.93778,0.02080665,0.207,50,2005,detected by radial velocity,,Gliese 876,4.7,0.334,0.36,M4 V,2.5,3350,
Gliese 876 e,0.046,,124.26,0.3343,0.055,59.5,2010,detected by radial velocity,,Gliese 876,4.7,0.334,0.36,M4 V,2.5,3350,
55 Cnc b,0.8,,14.651,0.1134,0.0159,,1996,detected by radial velocity,,55 Cnc,12.34,0.905,0.943,K0IV-V,10.2,5196,
55 Cnc c,0.169,,44.3446,0.2403,0.053,,2002,detected by radial velocity,,55 Cnc,12.34,0.905,0.943,K0IV-V,10.2,5196,
55 Cnc d,3.835,,5218,5.76,0.025,53,2002,detected by radial velocity,,55 Cnc,12.34,0.905,0.943,K0IV-V,10.2,5196,
55 Cnc e,0.0263,0.194,0.736546,0.0156,0.06,81,2004,detected by transit,,55 Cnc,12.34,0.905,0.943,K0IV-V,10.2,5196,
55 Cnc f,0.144,,260.7,0.781,0.0002,,2007,detected by radial velocity,,55 Cnc,12.34,0.905,0.943,K0IV-V,10.2,5196,
HD 20794 b,0.0085,,18.315,0.1207,0,,2011,detected by radial velocity,,HD 20794,6.06,0.85,0.9,G8V,14,5490,
HD 20794 c,0.0076,,40.114,0.2036,0,,2011,detected by radial velocity,,HD 20794,6.06,0.85,0.9,G8V,14,5490,
HD 20794 d,0.015,,90.309,0.3499,0,,2011,detected by radial velocity,,HD 20794,6.06,0.85,0.9,G8V,14,5490,
GJ 667C b,0.01718,,7.199,0.0504,0.09,,2009,detected by radial velocity,,GJ 667C,6.84,0.33,,M1.5V,2,3600,
GJ 667C c,0.0134,,28.13,0.1251,0.34,,2011,detected by radial velocity,,GJ 667C,6.84,0.33,,M1.5V,2,3600,
GJ 667C d,0.0218,,106.4,0.3035,0.68,,2012,detected by radial velocity,,GJ 667C,6.84,0.33,,M1.5V,2,3600,
GJ 667C e,0.0085,,62.24,0.213,0.02,,2013,detected by radial velocity,,GJ 667C,6.84,0.33,,M1.5V,2,3600,
GJ 667C f,0.0085,,39.026,0.156,0.03,,2013,detected by radial velocity,,GJ 667C,6.84,0.33,,M1.5V,2,3600,
GJ 667C g,0.0145,,256.2,0.549,0.08,,2013,detected by radial velocity,,GJ 667C,6.84,0.33,,M1.5V,2,3600,
61 Vir b,0.016,,4.215,0.050201,0.12,,2009,detected by radial velocity,,61 Vir,8.52,0.95,0.94,G5V,8.96,5531,
61 Vir c,0.0573,,38.021,0.2175,0.14,,2009,detected by radial velocity,,61 Vir,8.52,0.95,0.94,G5V,8.96,5531,
61 Vir d,0.072,,123.01,0.476,0.35,,2009,detected by radial velocity,,61 Vir,8.52,0.95,0.94,G5V,8.96,5531,
55 Cnc b,0.8,,14.651,0.1134,0.0159,,1996,detected by radial velocity,,55 Cnc,12.34,0.905,0.943,K0IV-V,10.2,5196,
55 Cnc c,0.169,,44.3446,0.2403,0.053,,2002,detected by radial velocity,,55 Cnc,12.34,0.905,0.943,K0IV-V,10.2,5196,
55 Cnc d,3.835,,5218,5.76,0.025,53,2002,detected by radial velocity,,55 Cnc,12.34,0.905,0.943,K0IV-V,10.2,5196,
55 Cnc e,0.0263,0.194,0.736546,0.0156,0.06,81,2004,detected by transit,,55 Cnc,12.34,0.905,0.943,K0IV-V,10.2,5196,
55 Cnc f,0.144,,260.7,0.781,0.0002,,2007,detected by radial velocity,,55 Cnc,12.34,0.905,0.943,K0IV-V,10.2,5196,
HD 69830 b,0.033,,8.667,0.0785,0.1,13,2006,detected by radial velocity,,HD 69830,12.6,0.86,0.895,K0V,7,5385,
HD 69830 c,0.038,,31.56,0.186,0.13,13,2006,detected by radial velocity,,HD 69830,12.6,0.86,0.895,K0V,7,5385,
HD 69830 d,0.058,,197,0.63,0.07,13,2006,detected by radial velocity,,HD 69830,12.6,0.86,0.895,K0V,7,5385,
HD 40307 b,0.0126,,4.3123,0.0468,0.2,,2008,detected by radial velocity,,HD 40307,12.8,0.77,,K2.5V,,4977,
HD 40307 c,0.0208,,9.6184,0.0799,0.06,,2008,detected by radial velocity,,HD 40307,12.8,0.77,,K2.5V,,4977,
HD 40307 d,0.0299,,20.432,0.1321,0.07,,2008,detected by radial velocity,,HD 40307,12.8,0.77,,K2.5V,,4977,
HD 40307 e,0.011,,34.62,0.1886,0.15,,2012,detected by radial velocity,,HD 40307,12.8,0.77,,K2.5V,,4977,
HD 40307 f,0.0164,,51.76,0.247,0.02,,2012,detected by radial velocity,,HD 40307,12.8,0.77,,K2.5V,,4977,
HD 40307 g,0.0223,,197.8,0.6,0.29,,2012,detected by radial velocity,,HD 40307,12.8,0.77,,K2.5V,,4977,
